Image,Stadium,City,State,Team,Conference,Capacity,Opened,Ref.,Lat,Long,City_clean,State_clean,Stadium_clean,geo_precision,geo_query
,Varsity Field,Albany,NY,Albany,America East,500,c.1980,[1],41.9589903,-73.9969784,Albany,NY,Varsity Field,stadium,"Varsity Field, NY, USA"
,Binghamton Baseball Stadium Complex,Vestal[a],NY,Binghamton,America East,"1,906",2022,[2],42.0850703,-76.053813,Vestal,NY,Binghamton Baseball Stadium Complex,city,"Vestal, NY, USA"
,Conaty Park,Smithfield,RI,Bryant,America East,500,2012,,41.9247424,-71.5396864,Smithfield,RI,Conaty Park,stadium,"Conaty Park, Smithfield, RI, USA"
,Mahaney Diamond,Orono,ME,Maine,America East,"4,400",Early 1980s,[3],44.9051772,-68.6699786,Orono,ME,Mahaney Diamond,stadium,"Mahaney Diamond, Orono, ME, USA"
,Yogi Berra Stadium,Little Falls,NJ,NJIT,America East,"5,000",1998,[4],40.8688937,-74.1953354,Little Falls,NJ,Yogi Berra Stadium,stadium,"Yogi Berra Stadium, Little Falls, NJ, USA"
,Edward A. LeLacheur Park,Lowell,MA,UMass Lowell,America East,"5,030",1998,[5],42.6534448,-71.3178561,Lowell,MA,Edward A. LeLacheur Park,stadium,"Edward A. LeLacheur Park, Lowell, MA, USA"
,The Baseball Factory Field at UMBC,Catonsville[b],MD,UMBC,America East,"1,000","N/A, renovated 2004",[6],39.2609922,-76.7455478,Catonsville,MD,The Baseball Factory Field at UMBC,city,"Catonsville, MD, USA"
,Robert and Mariam Hayes Stadium,Charlotte,NC,Charlotte,American,"4,100",1994,,35.3080937,-80.7389536,Charlotte,NC,Robert and Mariam Hayes Stadium,stadium,"Robert and Mariam Hayes Stadium, Charlotte, NC, USA"
,Clark–LeClair Stadium,Greenville,NC,East Carolina,American,"6,000",2005,,35.5933957,-77.3670293,Greenville,NC,Clark–LeClair Stadium,stadium,"Clark–LeClair Stadium, Greenville, NC, USA"
,FAU Baseball Stadium,Boca Raton,FL,Florida Atlantic,American,"2,000",1991,,26.3586885,-80.0830984,Boca Raton,FL,FAU Baseball Stadium,city,"Boca Raton, FL, USA"
,FedExPark,Memphis,TN,Memphis,American,"2,000",1972,,35.1460249,-90.0517638,Memphis,TN,FedExPark,city,"Memphis, TN, USA"
,Reckling Park,Houston,TX,Rice,American,"7,000",2000,,29.7135453,-95.4040634,Houston,TX,Reckling Park,stadium,"Reckling Park, Houston, TX, USA"
,USF Baseball Stadium,Tampa,FL,South Florida,American,"3,211",2011,,27.9449854,-82.4583107,Tampa,FL,USF Baseball Stadium,city,"Tampa, FL, USA"
,Greer Field at Turchin Stadium,New Orleans,LA,Tulane,American,"5,000","1991, destroyed 2005 by Hurricane Katrina, rebuilt 2007",,29.9561422,-90.0733934,New Orleans,LA,Greer Field at Turchin Stadium,city,"New Orleans, LA, USA"
,Jerry D. Young Memorial Field,Birmingham,AL,UAB,American,"1,000",1984,,33.5206824,-86.8024326,Birmingham,AL,Jerry D. Young Memorial Field,city,"Birmingham, AL, USA"
,Roadrunner Field,San Antonio,TX,UTSA,American,800,1993,,31.2900269,-94.737192,San Antonio,TX,Roadrunner Field,stadium,"Roadrunner Field, TX, USA"
,Eck Stadium,Wichita,KS,Wichita State,American,"7,851","1978, renovated 2009",[7],37.7214559,-97.28874,Wichita,KS,Eck Stadium,stadium,"Eck Stadium, Wichita, KS, USA"
,Raymond C. Hand Park,Clarksville,TN,Austin Peay,ASUN(UAC[c] in 2027),"1,000+","1970, several renovations",[8],36.5379401,-87.356328,Clarksville,TN,Raymond C. Hand Park,stadium,"Raymond C. Hand Park, Clarksville, TN, USA"
,Knights Field,Louisville,KY,Bellarmine,ASUN,500,1954,,38.2542376,-85.759407,Louisville,KY,Knights Field,city,"Louisville, KY, USA"
,Bear Stadium,Conway,AR,Central Arkansas,ASUN(UAC[c] in 2027),"1,000",2009,,35.0835441,-92.4598971,Conway,AR,Bear Stadium,stadium,"Bear Stadium, Conway, AR, USA"
,Turkey Hughes Field,Richmond,KY,Eastern Kentucky,ASUN(UAC[c] in 2027),500,"1960s, renovated 2009",[9],37.7362202,-84.2999801,Richmond,KY,Turkey Hughes Field,stadium,"Turkey Hughes Field, Richmond, KY, USA"
,Swanson Stadium,Fort Myers[d],FL,Florida Gulf Coast,ASUN,"1,500",2004,,26.4702406,-81.7632876,Fort Myers,FL,Swanson Stadium,stadium,"Swanson Stadium, FL, USA"
,John Sessions Stadium,Jacksonville,FL,Jacksonville,ASUN,"1,500",—N/a,,30.3514967,-81.607633,Jacksonville,FL,John Sessions Stadium,stadium,"John Sessions Stadium, Jacksonville, FL, USA"
,Ken Dugan Field at Stephen Lee Marsh Stadium,Nashville,TN,Lipscomb,ASUN,"1,500",1991,,36.1622767,-86.7742984,Nashville,TN,Ken Dugan Field at Stephen Lee Marsh Stadium,city,"Nashville, TN, USA"
,Mike D. Lane Field at Bank Independent Stadium,Florence,AL,North Alabama,ASUN(UAC[c] in 2027),—N/a,2025,[10],34.79981,-87.677251,Florence,AL,Mike D. Lane Field at Bank Independent Stadium,city,"Florence, AL, USA"
,Harmon Stadium,Jacksonville,FL,North Florida,ASUN,"1,250",1993,,30.2751032,-81.508397,Jacksonville,FL,Harmon Stadium,stadium,"Harmon Stadium, Jacksonville, FL, USA"
,Tuckaseegee Dream Fields,Charlotte,NC,Queens,ASUN,350,—N/a,,35.2449446,-80.9544893,Charlotte,NC,Tuckaseegee Dream Fields,stadium,"Tuckaseegee Dream Fields, Charlotte, NC, USA"
,Melching Field at Conrad Park,DeLand,FL,Stetson,ASUN,"2,500",1999,,29.0199965,-81.3022631,DeLand,FL,Melching Field at Conrad Park,stadium,"Melching Field at Conrad Park, DeLand, FL, USA"
,Cole Field,Carrollton,GA,West Georgia,ASUN(UAC[c] in 2027),500[11],1967[11],,33.5743739,-85.1032374,Carrollton,GA,Cole Field,stadium,"Cole Field, Carrollton, GA, USA"
,Eddie Pellagrini Diamond,Boston,MA,Boston College,Atlantic Coast,"2,500",2018,,42.3439574,-71.1597987,Boston,MA,Eddie Pellagrini Diamond,stadium,"Eddie Pellagrini Diamond, Boston, MA, USA"
,Evans Diamond,Berkeley,CA,California,Atlantic Coast,"2,500",1933,,37.8694842,-122.2634129,Berkeley,CA,Evans Diamond,stadium,"Evans Diamond, Berkeley, CA, USA"
,Doug Kingsmore Stadium,Clemson,SC,Clemson,Atlantic Coast,"6,272",1970,,34.6789444,-82.8492456,Clemson,SC,Doug Kingsmore Stadium,stadium,"Doug Kingsmore Stadium, Clemson, SC, USA"
,Jack Coombs Field,Durham,NC,Duke,Atlantic Coast,"2,000",1931,,35.996653,-78.9018053,Durham,NC,Jack Coombs Field,city,"Durham, NC, USA"
,Mike Martin Field at Dick Howser Stadium,Tallahassee,FL,Florida State,Atlantic Coast,"6,700",1983,,30.4380832,-84.2809332,Tallahassee,FL,Mike Martin Field at Dick Howser Stadium,city,"Tallahassee, FL, USA"
,Russ Chandler Stadium,Atlanta,GA,Georgia Tech,Atlantic Coast,"3,517",1930,,33.7776564,-84.3946352,Atlanta,GA,Russ Chandler Stadium,stadium,"Russ Chandler Stadium, Atlanta, GA, USA"
,Jim Patterson Stadium,Louisville,KY,Louisville,Atlantic Coast,"4,000",2005,,38.2057696,-85.7623635,Louisville,KY,Jim Patterson Stadium,stadium,"Jim Patterson Stadium, Louisville, KY, USA"
,Alex Rodriguez Park at Mark Light Field,Coral Gables,FL,Miami (FL),Atlantic Coast,"5,000",1973,,25.7331105,-80.2585107,Coral Gables,FL,Alex Rodriguez Park at Mark Light Field,city,"Coral Gables, FL, USA"
,Boshamer Stadium,Chapel Hill,NC,North Carolina,Atlantic Coast,"5,000",1972,,35.9063338,-79.0434986,Chapel Hill,NC,Boshamer Stadium,stadium,"Boshamer Stadium, Chapel Hill, NC, USA"
,Doak Field,Raleigh,NC,North Carolina State,Atlantic Coast,"3,000",1966,,35.7871571,-78.6795345,Raleigh,NC,Doak Field,stadium,"Doak Field, Raleigh, NC, USA"
,Frank Eck Stadium,Notre Dame,IN,Notre Dame,Atlantic Coast,"2,500",1994,,41.6964543,-86.2278277,Notre Dame,IN,Frank Eck Stadium,stadium,"Frank Eck Stadium, Notre Dame, IN, USA"
,Charles L. Cost Field,Pittsburgh,PA,Pittsburgh,Atlantic Coast,900,2011,,40.4451848,-79.9661719,Pittsburgh,PA,Charles L. Cost Field,stadium,"Charles L. Cost Field, Pittsburgh, PA, USA"
,Klein Field at Sunken Diamond,Stanford,CA,Stanford,Atlantic Coast,"4,000",1931,,37.4265407,-122.1703055,Stanford,CA,Klein Field at Sunken Diamond,city,"Stanford, CA, USA"
,Davenport Field at Disharoon Park,Charlottesville,VA,Virginia,Atlantic Coast,"5,919",2000,,38.0457967,-78.5135345,Charlottesville,VA,Davenport Field at Disharoon Park,stadium,"Davenport Field at Disharoon Park, VA, USA"
,English Field,Blacksburg,VA,Virginia Tech,Atlantic Coast,"4,000",1989,,37.2178202,-80.4233836,Blacksburg,VA,English Field,stadium,"English Field, Blacksburg, VA, USA"
,David F. Couch Ballpark,Winston-Salem,NC,Wake Forest,Atlantic Coast,"3,823",1956,,36.1297606,-80.2522568,Winston-Salem,NC,David F. Couch Ballpark,stadium,"David F. Couch Ballpark, Winston-Salem, NC, USA"
,T. Henry Wilson Jr. Field,Davidson,NC,Davidson,Atlantic 10,700,1967,,35.7902384,-80.2115053,Davidson,NC,T. Henry Wilson Jr. Field,city,"Davidson, NC, USA"
,Woerner Field,Dayton,OH,Dayton,Atlantic 10,500,2004,,39.7589478,-84.1916069,Dayton,OH,Woerner Field,city,"Dayton, OH, USA"
,Jim Houlihan Park at Jack Coffey Field,Bronx,NY,Fordham,Atlantic 10,"1,000",2005,,40.8466508,-73.8785937,Bronx,NY,Jim Houlihan Park at Jack Coffey Field,city,"Bronx, NY, USA"
,Spuhler Field,Fairfax,VA,George Mason,Atlantic 10,900,1986,,38.8347393,-77.3179923,Fairfax,VA,Spuhler Field,stadium,"Spuhler Field, Fairfax, VA, USA"
,Barcroft Park,Arlington,VA,George Washington,Atlantic 10,500,1993,,38.8483724,-77.1033253,Arlington,VA,Barcroft Park,stadium,"Barcroft Park, Arlington, VA, USA"
,Hank DeVincent Field,Philadelphia,PA,La Salle[e],Atlantic 10,"1,000[12]",1978[12],,40.0367224,-75.1527201,Philadelphia,PA,Hank DeVincent Field,stadium,"Hank DeVincent Field, Philadelphia, PA, USA"
,Bill Beck Field,Kingston,RI,Rhode Island,Atlantic 10,"1,000",1966,,41.4729285,-71.5223479,Kingston,RI,Bill Beck Field,city,"Kingston, RI, USA"
,Malcolm U. Pitt Field,Richmond,VA,Richmond,Atlantic 10,600,—N/a,,37.5385087,-77.43428,Richmond,VA,Malcolm U. Pitt Field,city,"Richmond, VA, USA"
,Fred Handler Park,St. Bonaventure,NY,St. Bonaventure,Atlantic 10,500,1958,,42.0789196,-78.4863811,St. Bonaventure,NY,Fred Handler Park,stadium,"Fred Handler Park, NY, USA"
,Smithson Field,Merion Station,PA,Saint Joseph's,Atlantic 10,400,2012,,39.9957458,-75.2454914,Merion Station,PA,Smithson Field,stadium,"Smithson Field, PA, USA"
,Billiken Sports Center,St. Louis,MO,Saint Louis,Atlantic 10,500,1990,,38.6254063,-90.190009,St. Louis,MO,Billiken Sports Center,city,"St. Louis, MO, USA"
,The Diamond,Richmond,VA,VCU,Atlantic 10,"12,134",1985,,37.5717189,-77.4632449,Richmond,VA,The Diamond,stadium,"The Diamond, Richmond, VA, USA"
,Bulldog Park,Indianapolis,IN,Butler,Big East,500,—N/a,,40.0686485,-85.8483885,Indianapolis,IN,Bulldog Park,stadium,"Bulldog Park, IN, USA"
,Charles Schwab Field Omaha,Omaha,NE,Creighton,Big East,"24,505",2011,,41.2669678,-95.9325486,Omaha,NE,Charles Schwab Field Omaha,stadium,"Charles Schwab Field Omaha, Omaha, NE, USA"
,Capital One Park,Tysons,VA,Georgetown,Big East,650,2023,,38.9267483,-77.207473,Tysons,VA,Capital One Park,stadium,"Capital One Park, Tysons, VA, USA"
,"Mike Sheppard, Sr. Stadium at Owen T. Carroll Field",South Orange,NJ,Seton Hall,Big East,"1,800",1907,,40.7474966,-74.2635376,South Orange,NJ,"Mike Sheppard, Sr. Stadium at Owen T. Carroll Field",city,"South Orange, NJ, USA"
,Jack Kaiser Stadium,Queens,NY,St. John's,Big East,"3,500",2000,,40.7135078,-73.8283132,Queens,NY,Jack Kaiser Stadium,city,"Queens, NY, USA"
,Elliot Ballpark,Storrs,CT,UConn,Big East,"1,500[13]",2021[f],,41.8056456,-72.2541329,Storrs,CT,Elliot Ballpark,city,"Storrs, CT, USA"
,Villanova Ballpark at Plymouth,Plymouth Meeting,PA,Villanova,Big East,750,2003,,40.102332,-75.2743467,Plymouth Meeting,PA,Villanova Ballpark at Plymouth,city,"Plymouth Meeting, PA, USA"
,J. Page Hayden Field,Cincinnati,OH,Xavier,Big East,500,1920s,,39.1014537,-84.5124602,Cincinnati,OH,J. Page Hayden Field,city,"Cincinnati, OH, USA"
,CSU Ballpark,North Charleston,SC,Charleston Southern,Big South,"1,500",—N/a,,32.8546197,-79.9748103,North Charleston,SC,CSU Ballpark,city,"North Charleston, SC, USA"
,John Henry Moss Stadium,Boiling Springs,NC,Gardner-Webb,Big South,550,2010,,35.2430978,-81.6687849,Boiling Springs,NC,John Henry Moss Stadium,stadium,"John Henry Moss Stadium, Boiling Springs, NC, USA"
,George S. Erath Field at Coy O. Williard Baseball Stadium,High Point,NC,High Point,Big South,550,2007,,35.9556924,-80.0053176,High Point,NC,George S. Erath Field at Coy O. Williard Baseball Stadium,city,"High Point, NC, USA"
,Bolding Stadium,Farmville,VA,Longwood,Big South,500,1994,,37.2936085,-78.3961929,Farmville,VA,Bolding Stadium,stadium,"Bolding Stadium, Farmville, VA, USA"
,Presbyterian Baseball Complex,Clinton,SC,Presbyterian,Big South,500,1988,,34.4726277,-81.8806562,Clinton,SC,Presbyterian Baseball Complex,city,"Clinton, SC, USA"
,Carter Memorial Stadium,Radford,VA,Radford,Big South,700,1986,,37.1343148,-80.5749169,Radford,VA,Carter Memorial Stadium,city,"Radford, VA, USA"
,Greenwood Baseball Field,Asheville,NC,UNC Asheville,Big South,"1,000",1988,,35.595363,-82.5508407,Asheville,NC,Greenwood Baseball Field,city,"Asheville, NC, USA"
,Cleveland S. Harley Baseball Park,Spartanburg,SC,USC Upstate,Big South,500,2004,,35.0044693,-81.9700035,Spartanburg,SC,Cleveland S. Harley Baseball Park,stadium,"Cleveland S. Harley Baseball Park, Spartanburg, SC, USA"
,Winthrop Ballpark,Rock Hill,SC,Winthrop,Big South,"1,800",2007,,34.9458082,-81.0183311,Rock Hill,SC,Winthrop Ballpark,stadium,"Winthrop Ballpark, Rock Hill, SC, USA"
,Illinois Field,Champaign,IL,Illinois,Big Ten,"3,000",1988,,40.096983,-88.2295939,Champaign,IL,Illinois Field,stadium,"Illinois Field, Champaign, IL, USA"
,Bart Kaufman Field,Bloomington,IN,Indiana,Big Ten,"2,500",2013,,39.1849669,-86.5222464,Bloomington,IN,Bart Kaufman Field,stadium,"Bart Kaufman Field, Bloomington, IN, USA"
,Duane Banks Field,Iowa City,IA,Iowa,Big Ten,"3,000",1974,,41.6612957,-91.5546259,Iowa City,IA,Duane Banks Field,stadium,"Duane Banks Field, Iowa City, IA, USA"
,Shipley Field,College Park,MD,Maryland,Big Ten,"2,500",1965,,38.9892976,-76.9444091,College Park,MD,Shipley Field,stadium,"Shipley Field, College Park, MD, USA"
,Ray Fisher Stadium,Ann Arbor,MI,Michigan,Big Ten,"4,000",1923,,42.2674643,-83.7424673,Ann Arbor,MI,Ray Fisher Stadium,stadium,"Ray Fisher Stadium, Ann Arbor, MI, USA"
,Drayton McLane Baseball Stadium at John H. Kobs Field,East Lansing,MI,Michigan State,Big Ten,"4,600",1902,,42.7320307,-84.4721678,East Lansing,MI,Drayton McLane Baseball Stadium at John H. Kobs Field,city,"East Lansing, MI, USA"
,Siebert Field,Minneapolis,MN,Minnesota,Big Ten,"1,500",1971,,44.9823785,-93.2292882,Minneapolis,MN,Siebert Field,stadium,"Siebert Field, Minneapolis, MN, USA"
,Haymarket Park,Lincoln,NE,Nebraska,Big Ten,"8,500",2001,,40.8242751,-96.7153685,Lincoln,NE,Haymarket Park,stadium,"Haymarket Park, Lincoln, NE, USA"
,Rocky Miller Park,Evanston,IL,Northwestern,Big Ten,600,1943,,42.0681019,-87.6926277,Evanston,IL,Rocky Miller Park,stadium,"Rocky Miller Park, Evanston, IL, USA"
,Bill Davis Stadium,Columbus,OH,Ohio State,Big Ten,"4,450",1997,,40.009683,-83.0260227,Columbus,OH,Bill Davis Stadium,stadium,"Bill Davis Stadium, Columbus, OH, USA"
,PK Park,Eugene,OR,Oregon,Big Ten,"4,000",2009,,44.0358767,-123.0579178,Eugene,OR,PK Park,stadium,"PK Park, Eugene, OR, USA"
,Medlar Field at Lubrano Park,University Park,PA,Penn State,Big Ten,"5,406",2006,,40.8123475,-77.8520788,University Park,PA,Medlar Field at Lubrano Park,stadium,"Medlar Field at Lubrano Park, University Park, PA, USA"
,Alexander Field,West Lafayette,IN,Purdue,Big Ten,"1,500",2013,,40.437702,-86.9411864,West Lafayette,IN,Alexander Field,stadium,"Alexander Field, West Lafayette, IN, USA"
,Bainton Field,Piscataway,NJ,Rutgers,Big Ten,"1,500",2007,,40.5464326,-74.4660542,Piscataway,NJ,Bainton Field,city,"Piscataway, NJ, USA"
,Jackie Robinson Stadium,Los Angeles,CA,UCLA,Big Ten,"1,820",1981,[14],34.0592515,-118.4592399,Los Angeles,CA,Jackie Robinson Stadium,stadium,"Jackie Robinson Stadium, Los Angeles, CA, USA"
,Dedeaux Field,Los Angeles,CA,USC,Big Ten,"2,500",1974,,34.0238519,-118.2899793,Los Angeles,CA,Dedeaux Field,stadium,"Dedeaux Field, Los Angeles, CA, USA"
,Husky Ballpark,Seattle,WA,Washington,Big Ten,"2,200","1998,renovated 2014",[15],47.654838,-122.2985888,Seattle,WA,Husky Ballpark,stadium,"Husky Ballpark, Seattle, WA, USA"
,Phoenix Municipal Stadium,Phoenix,AZ,Arizona State,Big 12,"8,775",1964,,33.4492717,-111.9542209,Phoenix,AZ,Phoenix Municipal Stadium,stadium,"Phoenix Municipal Stadium, Phoenix, AZ, USA"
,Hi Corbett Field,Tucson,AZ,Arizona,Big 12,"9,500",1927,,32.2130633,-110.9193708,Tucson,AZ,Hi Corbett Field,stadium,"Hi Corbett Field, Tucson, AZ, USA"
,Baylor Ballpark,Waco,TX,Baylor,Big 12,"5,000",1999,,31.5512504,-97.1077111,Waco,TX,Baylor Ballpark,stadium,"Baylor Ballpark, Waco, TX, USA"
,Larry H. Miller Field,Provo,UT,BYU,Big 12,"2,710",2001,,40.2337289,-111.6587085,Provo,UT,Larry H. Miller Field,city,"Provo, UT, USA"
,UC Baseball Stadium,Cincinnati,OH,Cincinnati,Big 12,"3,085",2004,[16],39.1301459,-84.5137163,Cincinnati,OH,UC Baseball Stadium,stadium,"UC Baseball Stadium, Cincinnati, OH, USA"
,Schroeder Park,Houston,TX,Houston,Big 12,"5,000",1995,,29.7269568,-95.3453599,Houston,TX,Schroeder Park,stadium,"Schroeder Park, Houston, TX, USA"
,Hoglund Ballpark,Lawrence,KS,Kansas,Big 12,"2,500",1958,,38.9527818,-95.2526994,Lawrence,KS,Hoglund Ballpark,stadium,"Hoglund Ballpark, Lawrence, KS, USA"
,Tointon Family Stadium,Manhattan,KS,Kansas State,Big 12,"2,331",1961,,39.1991907,-96.5971646,Manhattan,KS,Tointon Family Stadium,stadium,"Tointon Family Stadium, Manhattan, KS, USA"
,O'Brate Stadium,Stillwater,OK,Oklahoma State,Big 12,"3,500[17]",2021[f],,36.1314993,-97.068942,Stillwater,OK,O'Brate Stadium,stadium,"O'Brate Stadium, Stillwater, OK, USA"
,Lupton Stadium,Fort Worth,TX,TCU,Big 12,"4,500",2003,,32.7028554,-97.3721701,Fort Worth,TX,Lupton Stadium,stadium,"Lupton Stadium, Fort Worth, TX, USA"
,Dan Law Field at Rip Griffin Park,Lubbock,TX,Texas Tech,Big 12,"4,432","1926, renovated 2012",,33.5887246,-101.8768715,Lubbock,TX,Dan Law Field at Rip Griffin Park,stadium,"Dan Law Field at Rip Griffin Park, Lubbock, TX, USA"
,John Euliano Park,Orlando[g],FL,UCF,Big 12,"3,600",2001,,28.5421218,-81.379045,Orlando,FL,John Euliano Park,city,"Orlando, FL, USA"
,Smith's Ballpark,Salt Lake City,UT,Utah,Big 12,"14,511",1994,,40.7407084,-111.8935155,Salt Lake City,UT,Smith's Ballpark,stadium,"Smith's Ballpark, Salt Lake City, UT, USA"
,Kendrick Family Ballpark,Granville[h],WV,West Virginia,Big 12,"3,500",2015,,39.6459146,-79.9872866,Granville,WV,Kendrick Family Ballpark,city,"Granville, WV, USA"
,Hardt Field,Bakersfield,CA,Bakersfield,Big West,900,2009,,35.3474978,-119.1074773,Bakersfield,CA,Hardt Field,stadium,"Hardt Field, Bakersfield, CA, USA"
,Robin Baggett Stadium,San Luis Obispo,CA,Cal Poly,Big West,"3,138",2001,,35.3540209,-120.375716,San Luis Obispo,CA,Robin Baggett Stadium,city,"San Luis Obispo, CA, USA"
,Goodwin Field,Fullerton,CA,Cal State Fullerton,Big West,"3,500",1992,,33.8869736,-117.8852303,Fullerton,CA,Goodwin Field,stadium,"Goodwin Field, Fullerton, CA, USA"
,Matador Field,Northridge,CA,Cal State Northridge,Big West,"1,200",1961,,34.2448845,-118.5263105,Northridge,CA,Matador Field,stadium,"Matador Field, Northridge, CA, USA"
,Les Murakami Stadium,Honolulu,HI,Hawaii,Big West(MW in 2027),"4,312",1984,,21.2930535,-157.8164006,Honolulu,HI,Les Murakami Stadium,stadium,"Les Murakami Stadium, Honolulu, HI, USA"
,Blair Field,Long Beach,CA,Long Beach State,Big West,"3,283",1958,,33.7776292,-118.1381711,Long Beach,CA,Blair Field,stadium,"Blair Field, Long Beach, CA, USA"
,Dobbins Stadium,Davis,CA,UC Davis,Big West(MW in 2027),"3,500",1986,,38.5435526,-121.739005,Davis,CA,Dobbins Stadium,city,"Davis, CA, USA"
,Cicerone Field at Anteater Ballpark,Irvine,CA,UC Irvine,Big West,"3,408",2002,,33.6514521,-117.8474993,Irvine,CA,Cicerone Field at Anteater Ballpark,stadium,"Cicerone Field at Anteater Ballpark, Irvine, CA, USA"
,Riverside Sports Complex,Riverside,CA,UC Riverside,Big West,"2,500",—N/a,,34.0125145,-117.3564336,Riverside,CA,Riverside Sports Complex,stadium,"Riverside Sports Complex, Riverside, CA, USA"
,Triton Ballpark,La Jolla,CA,UC San Diego,Big West(WCC in 2028),500,—N/a,,32.8816741,-117.2261807,La Jolla,CA,Triton Ballpark,stadium,"Triton Ballpark, CA, USA"
,Caesar Uyesaka Stadium,Santa Barbara[i],CA,UC Santa Barbara,Big West,"1,000",1964,,34.4189788,-119.8522376,Santa Barbara,CA,Caesar Uyesaka Stadium,stadium,"Caesar Uyesaka Stadium, Santa Barbara, CA, USA"
,Jim Perry Stadium,Buies Creek,NC,Campbell,Coastal Athletic,630,2013,,35.4100867,-78.7352846,Buies Creek,NC,Jim Perry Stadium,stadium,"Jim Perry Stadium, Buies Creek, NC, USA"
,CofC Baseball Stadium at Patriots Point,Mount Pleasant,SC,Charleston,Coastal Athletic,"2,000",2001,,32.7940651,-79.8625851,Mount Pleasant,SC,CofC Baseball Stadium at Patriots Point,city,"Mount Pleasant, SC, USA"
,Walter C. Latham Park,Elon,NC,Elon,Coastal Athletic,"2,000",2001,,36.1029132,-79.5066895,Elon,NC,Walter C. Latham Park,city,"Elon, NC, USA"
,University Field,Hempstead,NY,Hofstra,Coastal Athletic,400,2000,,42.4489842,-79.3363981,Hempstead,NY,University Field,stadium,"University Field, NY, USA"
,Monmouth Baseball Field,West Long Branch,NJ,Monmouth,Coastal Athletic,400,1984,,40.2904235,-74.0172558,West Long Branch,NJ,Monmouth Baseball Field,city,"West Long Branch, NJ, USA"
,World War Memorial Stadium,Greensboro,NC,North Carolina A&T,Coastal Athletic,"7,500",1928,,36.0797983,-79.7782038,Greensboro,NC,World War Memorial Stadium,stadium,"World War Memorial Stadium, Greensboro, NC, USA"
,Parsons Field,Brookline,MA,Northeastern,Coastal Athletic,"3,000",1933,,42.3372864,-71.1140839,Brookline,MA,Parsons Field,stadium,"Parsons Field, Brookline, MA, USA"
,Joe Nathan Field,Stony Brook,NY,Stony Brook,Coastal Athletic,"1,000","1967, renovated 2011",[18],40.9236435,-73.1223455,Stony Brook,NY,Joe Nathan Field,stadium,"Joe Nathan Field, Stony Brook, NY, USA"
,John B. Schuerholz Baseball Complex,Towson,MD,Towson,Coastal Athletic,500,2001,,39.3964591,-76.6148148,Towson,MD,John B. Schuerholz Baseball Complex,city,"Towson, MD, USA"
,Brooks Field,Wilmington,NC,UNC Wilmington,Coastal Athletic,"3,000",1989,,34.2218891,-77.873377,Wilmington,NC,Brooks Field,stadium,"Brooks Field, Wilmington, NC, USA"
,Plumeri Park,Williamsburg,VA,William & Mary,Coastal Athletic,"1,000",1999,,37.2898316,-76.7326511,Williamsburg,VA,Plumeri Park,stadium,"Plumeri Park, Williamsburg, VA, USA"
,Horner Ballpark,Dallas,TX,Dallas Baptist,Conference USA(Pac-12 in 2027),"2,000",2013,[19],32.7118563,-96.9453641,Dallas,TX,Horner Ballpark,stadium,"Horner Ballpark, Dallas, TX, USA"
,Bob Hannah Stadium,Newark,DE,Delaware,Conference USA,"1,300",2000,,39.6634593,-75.7475762,Newark,DE,Bob Hannah Stadium,stadium,"Bob Hannah Stadium, Newark, DE, USA"
,FIU Baseball Stadium,Miami[j],FL,FIU,Conference USA,"2,000",1996,,25.7741566,-80.1935973,Miami,FL,FIU Baseball Stadium,city,"Miami, FL, USA"
,Rudy Abbott Field,Jacksonville,AL,Jacksonville State,Conference USA,"1,500",1995,[20],33.8248231,-85.7762483,Jacksonville,AL,Rudy Abbott Field,stadium,"Rudy Abbott Field, Jacksonville, AL, USA"
,Fred Stillwell Stadium,Kennesaw[k],GA,Kennesaw State,Conference USA,"1,200",1984,,34.0337605,-84.5816195,Kennesaw,GA,Fred Stillwell Stadium,stadium,"Fred Stillwell Stadium, Kennesaw, GA, USA"
,Liberty Baseball Stadium,Lynchburg,VA,Liberty,Conference USA,"2,500",2013,,37.3565085,-79.1770453,Lynchburg,VA,Liberty Baseball Stadium,stadium,"Liberty Baseball Stadium, Lynchburg, VA, USA"
,J. C. Love Field at Pat Patterson Park,Ruston,LA,Louisiana Tech,Conference USA(Sun Belt no later than 2028),"3,000",1971,,32.5299804,-92.6511763,Ruston,LA,J. C. Love Field at Pat Patterson Park,stadium,"J. C. Love Field at Pat Patterson Park, Ruston, LA, USA"
,Reese Smith Jr. Field,Murfreesboro,TN,Middle Tennessee,Conference USA,"2,600",1979,,35.8511274,-86.3665403,Murfreesboro,TN,Reese Smith Jr. Field,stadium,"Reese Smith Jr. Field, Murfreesboro, TN, USA"
,Hammons Field,Springfield,MO,Missouri State,Conference USA,"7,986",2004,[21],37.2115065,-93.2799584,Springfield,MO,Hammons Field,stadium,"Hammons Field, Springfield, MO, USA"
,Presley Askew Field,Las Cruces,NM,New Mexico State,Conference USA,"1,000",1982,,32.2790926,-106.7441217,Las Cruces,NM,Presley Askew Field,stadium,"Presley Askew Field, NM, USA"
,Don Sanders Stadium,Huntsville,TX,Sam Houston,Conference USA,"1,164",2006,,30.7135044,-95.5398176,Huntsville,TX,Don Sanders Stadium,stadium,"Don Sanders Stadium, Huntsville, TX, USA"
,Nick Denes Field,Bowling Green,KY,Western Kentucky,Conference USA,"1,500",1968,,36.9831194,-86.4609561,Bowling Green,KY,Nick Denes Field,stadium,"Nick Denes Field, Bowling Green, KY, USA"
,Franklin Field,Franklin,WI,Milwaukee,Horizon,"4,000",2019,,42.9179507,-88.015829,Franklin,WI,Franklin Field,stadium,"Franklin Field, Franklin, WI, USA"
,Bill Aker Baseball Complex,Highland Heights,KY,Northern Kentucky,Horizon,500,2001,,39.0285456,-84.464812,Highland Heights,KY,Bill Aker Baseball Complex,stadium,"Bill Aker Baseball Complex, Highland Heights, KY, USA"
,Oakland Baseball Field,Rochester[l],MI,Oakland,Horizon,500,—N/a,,42.673719,-83.2108796,Rochester,MI,Oakland Baseball Field,stadium,"Oakland Baseball Field, Rochester, MI, USA"
,Nischwitz Stadium,Dayton[m],OH,Wright State,Horizon,750,1993[n],,39.7589478,-84.1916069,Dayton,OH,Nischwitz Stadium,city,"Dayton, OH, USA"
,Eastwood Field,Niles,OH,Youngstown State,Horizon,"6,000",1999,,41.2187822,-80.7548325,Niles,OH,Eastwood Field,stadium,"Eastwood Field, Niles, OH, USA"
,Goss Stadium at Coleman Field,Corvallis,OR,Oregon State,Independent(Pac-12 in 2027),"3,248",1907,,44.5645659,-123.2620435,Corvallis,OR,Goss Stadium at Coleman Field,city,"Corvallis, OR, USA"
,Murray Stadium,Providence,RI,Brown,Ivy,"1,000",1959,,41.8309234,-71.3937687,Providence,RI,Murray Stadium,stadium,"Murray Stadium, Providence, RI, USA"
,Robertson Field at Satow Stadium,New York,NY,Columbia,Ivy,360,1921,,40.7127281,-74.0060152,New York,NY,Robertson Field at Satow Stadium,city,"New York, NY, USA"
,Booth Field,Ithaca,NY,Cornell,Ivy,500,2023,,42.0923055,-75.8982346,Ithaca,NY,Booth Field,stadium,"Booth Field, NY, USA"
,Red Rolfe Field at Biondi Park,Hanover,NH,Dartmouth,Ivy,"2,000[22]",2008(@ pre-existing field),,43.7017565,-72.2826413,Hanover,NH,Red Rolfe Field at Biondi Park,stadium,"Red Rolfe Field at Biondi Park, Hanover, NH, USA"
,Joseph J. O'Donnell Field,Allston,MA,Harvard,Ivy,"1,600",1898,,42.3555375,-71.1327494,Allston,MA,Joseph J. O'Donnell Field,city,"Allston, MA, USA"
,Meiklejohn Stadium,Philadelphia,PA,Penn,Ivy,850,1999,,39.9436978,-75.1937419,Philadelphia,PA,Meiklejohn Stadium,stadium,"Meiklejohn Stadium, Philadelphia, PA, USA"
,Bill Clarke Field,Princeton,NJ,Princeton,Ivy,850,1961,,40.3496953,-74.6597376,Princeton,NJ,Bill Clarke Field,city,"Princeton, NJ, USA"
,Bush Field,West Haven,CT,Yale,Ivy,"6,200",1928,,41.2706527,-72.9470471,West Haven,CT,Bush Field,city,"West Haven, CT, USA"
,Demske Sports Complex,Buffalo,NY,Canisius,Metro Atlantic,"1,200",1989,,42.9213889,-78.8558333,Buffalo,NY,Demske Sports Complex,stadium,"Demske Sports Complex, Buffalo, NY, USA"
,Alumni Baseball Diamond,Fairfield,CT,Fairfield,Metro Atlantic,"1,000",2001,,41.1412078,-73.2637258,Fairfield,CT,Alumni Baseball Diamond,city,"Fairfield, CT, USA"
,City Park,New Rochelle,NY,Iona,Metro Atlantic,—N/a,—N/a,,40.9307877,-73.7711742,New Rochelle,NY,City Park,stadium,"City Park, New Rochelle, NY, USA"
,Van Cortlandt Park,Bronx,NY,Manhattan,Metro Atlantic,"3,000",1888,,40.8970755,-73.8865797,Bronx,NY,Van Cortlandt Park,stadium,"Van Cortlandt Park, Bronx, NY, USA"
,James J. McCann Baseball Field,Poughkeepsie,NY,Marist,Metro Atlantic,350,1992,,41.7065539,-73.9283672,Poughkeepsie,NY,James J. McCann Baseball Field,city,"Poughkeepsie, NY, USA"
,Warrior Baseball Diamond/Greater Lawrence Technical High School Field,Andover,MA,Merrimack,Metro Atlantic,—N/a,1974,,42.65717,-71.1408776,Andover,MA,Warrior Baseball Diamond/Greater Lawrence Technical High School Field,city,"Andover, MA, USA"
,Straw Family Stadium,Emmitsburg[o],MD,Mount St. Mary's,Metro Atlantic,500,2007,,39.7045417,-77.3269307,Emmitsburg,MD,Straw Family Stadium,city,"Emmitsburg, MD, USA"
,Bobo Field,Lewiston[p],NY,Niagara,Metro Atlantic,—N/a,—N/a,,43.172555,-79.035878,Lewiston,NY,Bobo Field,city,"Lewiston, NY, USA"
,Quinnipiac Baseball Field,Hamden,CT,Quinnipiac,Metro Atlantic,320,—N/a,,41.3836233,-72.9020069,Hamden,CT,Quinnipiac Baseball Field,city,"Hamden, CT, USA"
,Sonny Pittaro Field,Lawrenceville,NJ,Rider,Metro Atlantic,"2,000",—N/a,,40.282386,-74.7464195,Lawrenceville,NJ,Sonny Pittaro Field,stadium,"Sonny Pittaro Field, NJ, USA"
,Veterans Memorial Park,Bridgeport,CT,Sacred Heart,Metro Atlantic,500,2009,,41.2410518,-73.1880156,Bridgeport,CT,Veterans Memorial Park,stadium,"Veterans Memorial Park, Bridgeport, CT, USA"
,Connors Park,Loudonville,NY,Siena,Metro Atlantic,370,1950s,,42.7185236,-73.7500087,Loudonville,NY,Connors Park,stadium,"Connors Park, NY, USA"
,Joseph J. Jaroschak Field,Jersey City,NJ,Saint Peter's,Metro Atlantic,500,1990,,40.7260352,-74.0938134,Jersey City,NJ,Joseph J. Jaroschak Field,stadium,"Joseph J. Jaroschak Field, Jersey City, NJ, USA"
,Skeeles Field,Akron,OH,Akron,Mid-American,"1,500",1967,,41.083064,-81.518485,Akron,OH,Skeeles Field,city,"Akron, OH, USA"
,Ball Diamond,Muncie,IN,Ball State,Mid-American,"1,700",—N/a,,38.2226889,-85.9852969,Muncie,IN,Ball Diamond,stadium,"Ball Diamond, IN, USA"
,Steller Field,Bowling Green,OH,Bowling Green,Mid-American,"2,500",1964,,41.3809596,-83.6283041,Bowling Green,OH,Steller Field,stadium,"Steller Field, Bowling Green, OH, USA"
,Bill Theunissen Stadium,Mount Pleasant,MI,Central Michigan,Mid-American,"2,042",2002,,43.5759928,-84.7791459,Mount Pleasant,MI,Bill Theunissen Stadium,stadium,"Bill Theunissen Stadium, Mount Pleasant, MI, USA"
,Oestrike Stadium,Ypsilanti,MI,Eastern Michigan,Mid-American,"2,500",1971,,42.2577024,-83.6481467,Ypsilanti,MI,Oestrike Stadium,stadium,"Oestrike Stadium, Ypsilanti, MI, USA"
,Olga Mural Field at Schoonover Stadium,Kent,OH,Kent State,Mid-American,"1,148",2005,,41.1513108,-81.3578047,Kent,OH,Olga Mural Field at Schoonover Stadium,city,"Kent, OH, USA"
,Earl Lorden Field,Amherst,MA,Massachusetts,Mid-American,"1,000",1971,,42.3731948,-72.5198761,Amherst,MA,Earl Lorden Field,city,"Amherst, MA, USA"
,Stanley G. McKie Field at Joseph P. Hayden Jr. Park,Oxford,OH,Miami (Ohio),Mid-American,"1,000",2002,,39.5103048,-84.7420519,Oxford,OH,Stanley G. McKie Field at Joseph P. Hayden Jr. Park,city,"Oxford, OH, USA"
,Ralph McKinzie Field,DeKalb,IL,Northern Illinois,Mid-American(Horizon in 2027),"1,500",1965,,41.8903447,-88.7713953,DeKalb,IL,Ralph McKinzie Field,city,"DeKalb, IL, USA"
,Bob Wren Stadium,Athens,OH,Ohio,Mid-American,"4,000",1998,,39.3246599,-82.1085314,Athens,OH,Bob Wren Stadium,stadium,"Bob Wren Stadium, Athens, OH, USA"
,Scott Park Baseball Complex,Toledo,OH,Toledo,Mid-American,"1,000",—N/a,,41.6529143,-83.5378173,Toledo,OH,Scott Park Baseball Complex,city,"Toledo, OH, USA"
,Hyames Field,Kalamazoo,MI,Western Michigan,Mid-American,"1,500",1939,,42.2848279,-85.6026602,Kalamazoo,MI,Hyames Field,stadium,"Hyames Field, Kalamazoo, MI, USA"
,E. S. Rose Park,Nashville,TN,Belmont,Missouri Valley,750,2011,[23],36.1622767,-86.7742984,Nashville,TN,E. S. Rose Park,city,"Nashville, TN, USA"
,Dozer Park,Peoria,IL,Bradley,Missouri Valley,"8,500","2002, renovated 2023-2025",[24],40.6874697,-89.5977653,Peoria,IL,Dozer Park,stadium,"Dozer Park, Peoria, IL, USA"
,German American Bank Field at Charles H. Braun Stadium,Evansville,IN,Evansville,Missouri Valley,"1,200+",—N/a,[25],37.970495,-87.5715641,Evansville,IN,German American Bank Field at Charles H. Braun Stadium,city,"Evansville, IN, USA"
,Duffy Bass Field,Normal,IL,Illinois State,Missouri Valley,"1,000+","1988, renovated 2008",[26],40.5092961,-88.9843937,Normal,IL,Duffy Bass Field,city,"Normal, IL, USA"
,Bob Warn Field at Sycamore Stadium,Terre Haute,IN,Indiana State,Missouri Valley,"2,000",1978,[27],39.4667025,-87.4139119,Terre Haute,IN,Bob Warn Field at Sycamore Stadium,city,"Terre Haute, IN, USA"
,Reagan Field,Murray,KY,Murray State,Missouri Valley,800,"1989, renovated 2006",[28],36.6230299,-88.317416,Murray,KY,Reagan Field,stadium,"Reagan Field, Murray, KY, USA"
,Itchy Jones Stadium,Carbondale,IL,Southern Illinois,Missouri Valley,"2,000","1964, renovated 2011",[29],37.7274692,-89.216655,Carbondale,IL,Itchy Jones Stadium,city,"Carbondale, IL, USA"
,Les Miller Field at Curtis Granderson Stadium,Chicago,IL,UIC,Missouri Valley,"1,000",1996,,41.8755616,-87.6244212,Chicago,IL,Les Miller Field at Curtis Granderson Stadium,city,"Chicago, IL, USA"
,Emory G. Bauer Field,Valparaiso,IN,Valparaiso,Missouri Valley,500,1970,,41.4672552,-87.0604487,Valparaiso,IN,Emory G. Bauer Field,city,"Valparaiso, IN, USA"
,Erdle Field,USAF Academy,CO,Air Force,Mountain West,"1,000",1957,,38.978759,-104.8643892,USAF Academy,CO,Erdle Field,city,"USAF Academy, CO, USA"
,Pete Beiden Field at Bob Bennett Stadium,Fresno,CA,Fresno State,Mountain West(Pac-12 in 2027),"5,757",1966,,36.7394421,-119.78483,Fresno,CA,Pete Beiden Field at Bob Bennett Stadium,city,"Fresno, CA, USA"
,Brazell Field at GCU Ballpark,Phoenix,AZ,Grand Canyon,Mountain West,"3,500",2018,,33.4484367,-112.074141,Phoenix,AZ,Brazell Field at GCU Ballpark,city,"Phoenix, AZ, USA"
,William Peccole Park,Reno,NV,Nevada,Mountain West,"3,000",1988,,39.548398,-119.8127741,Reno,NV,William Peccole Park,stadium,"William Peccole Park, Reno, NV, USA"
,Santa Ana Star Field,Albuquerque,NM,New Mexico,Mountain West,"1,000",late 1960s,,35.0841034,-106.650985,Albuquerque,NM,Santa Ana Star Field,city,"Albuquerque, NM, USA"
,Tony Gwynn Stadium,San Diego,CA,San Diego State,Mountain West(Pac-12 in 2027),"3,000",1997,,32.7746981,-117.0780629,San Diego,CA,Tony Gwynn Stadium,stadium,"Tony Gwynn Stadium, San Diego, CA, USA"
,Excite Ballpark,San Jose,CA,San Jose State,Mountain West,"4,200",1942,,37.3206075,-121.8624134,San Jose,CA,Excite Ballpark,stadium,"Excite Ballpark, San Jose, CA, USA"
,Earl Wilson Stadium,Paradise[q],NV,UNLV,Mountain West,"2,500",1994,,36.1113982,-115.1476086,Paradise,NV,Earl Wilson Stadium,stadium,"Earl Wilson Stadium, Paradise, NV, USA"
,Bailey–Brayton Field,Pullman,WA,Washington State,Mountain West(Pac-12 in 2027),"3,500",1980,,46.7349006,-117.155242,Pullman,WA,Bailey–Brayton Field,stadium,"Bailey–Brayton Field, Pullman, WA, USA"
,CCSU Baseball Field,New Britain,CT,Central Connecticut,Northeast,500,2010,,41.6612104,-72.7795419,New Britain,CT,CCSU Baseball Field,city,"New Britain, CT, USA"
,Joe Cannon Stadium,Hanover,MD,Coppin State,Northeast,"1,500",1990,,39.1538642,-76.7153654,Hanover,MD,Joe Cannon Stadium,stadium,"Joe Cannon Stadium, Hanover, MD, USA"
,Soldier Field,Dover,DE,Delaware State,Northeast,500,1958,,36.6065105,-121.9024356,Dover,DE,Soldier Field,stadium,"Soldier Field, DE, USA"
,Naimoli Family Baseball Complex,Teaneck,NJ,Fairleigh Dickinson,Northeast,500,2011,,40.8860164,-74.0072568,Teaneck,NJ,Naimoli Family Baseball Complex,city,"Teaneck, NJ, USA"
,Dick Rockwell Field,Syracuse[r],NY,Le Moyne,Northeast,—N/a,—N/a,,43.0481221,-76.1474244,Syracuse,NY,Dick Rockwell Field,city,"Syracuse, NY, USA"
,Frank Vieira Field,West Haven,CT,New Haven,Northeast,500,1986[30],,41.2706527,-72.9470471,West Haven,CT,Frank Vieira Field,city,"West Haven, CT, USA"
,LIU Baseball Stadium,Brookville,NY,LIU,Northeast,—N/a,—N/a,,40.8131553,-73.5673482,Brookville,NY,LIU Baseball Stadium,city,"Brookville, NY, USA"
,Hawk Stadium,Princess Anne[s],MD,Maryland Eastern Shore,Northeast,"1,000",2008,,38.2028428,-75.6920008,Princess Anne,MD,Hawk Stadium,city,"Princess Anne, MD, USA"
,Mercyhurst Baseball Field,Erie,PA,Mercyhurst,Northeast,"1,000[31]",2014[31],,42.1294712,-80.0852695,Erie,PA,Mercyhurst Baseball Field,city,"Erie, PA, USA"
,Marty L. Miller Field,Norfolk,VA,Norfolk State,Northeast,"1,500",1997,,36.8493695,-76.2899539,Norfolk,VA,Marty L. Miller Field,city,"Norfolk, VA, USA"
,Lou Gorman Field,Easton,MA,Stonehill,Northeast,500,2005,[32],42.058554,-71.0834574,Easton,MA,Lou Gorman Field,stadium,"Lou Gorman Field, Easton, MA, USA"
,SIUH Community Park,Staten Island,NY,Wagner,Northeast,"7,171",2001,,40.5834557,-74.1496048,Staten Island,NY,SIUH Community Park,city,"Staten Island, NY, USA"
,Coaches Stadium at Monier Field,Charleston,IL,Eastern Illinois,Ohio Valley,500,"1982, renovated 2002",[33],39.4961458,-88.1761521,Charleston,IL,Coaches Stadium at Monier Field,city,"Charleston, IL, USA"
,Lou Brock Sports Complex,St. Charles,MO,Lindenwood,Ohio Valley,700,2015,,38.7863798,-90.5068302,St. Charles,MO,Lou Brock Sports Complex,stadium,"Lou Brock Sports Complex, St. Charles, MO, USA"
,Gary Hogan Field,Little Rock,AR,Little Rock,Ohio Valley(UAC[c] in 2027),"2,550",1978,,34.7294078,-92.3299355,Little Rock,AR,Gary Hogan Field,stadium,"Gary Hogan Field, Little Rock, AR, USA"
,Allen Field,Morehead,KY,Morehead State,Ohio Valley,"1,000",1973,[34],38.1934039,-83.4258684,Morehead,KY,Allen Field,stadium,"Allen Field, Morehead, KY, USA"
,Roy E. Lee Field at Simmons Baseball Complex,Edwardsville,IL,SIU Edwardsville,Ohio Valley,"1,500","1972, renovated 2014",[35],38.8114364,-89.953157,Edwardsville,IL,Roy E. Lee Field at Simmons Baseball Complex,city,"Edwardsville, IL, USA"
,Capaha Field,Cape Girardeau,MO,Southeast Missouri State,Ohio Valley,"2,000","Late 1920s/early 1930s, renovated 2006",[36],37.304731,-89.5176418,Cape Girardeau,MO,Capaha Field,city,"Cape Girardeau, MO, USA"
,USI Baseball Field,Evansville[t],IN,Southern Indiana,Ohio Valley,"1,200",1974,,37.9593474,-87.6716753,Evansville,IN,USI Baseball Field,stadium,"USI Baseball Field, IN, USA"
,Bush Stadium at Averitt Express Baseball Complex,Cookeville,TN,Tennessee Tech,Ohio Valley(SoCon in 2027),"1,100",1978,[37],36.1623886,-85.4997057,Cookeville,TN,Bush Stadium at Averitt Express Baseball Complex,city,"Cookeville, TN, USA"
,Skyhawk Baseball Field,Martin,TN,UT Martin,Ohio Valley,500,1974,[38],36.3423557,-88.8709792,Martin,TN,Skyhawk Baseball Field,stadium,"Skyhawk Baseball Field, Martin, TN, USA"
,Alfred D. Boyer Stadium,Macomb,IL,Western Illinois,Ohio Valley,500,2006,,40.4729939,-90.6865811,Macomb,IL,Alfred D. Boyer Stadium,stadium,"Alfred D. Boyer Stadium, Macomb, IL, USA"
,Johnson Stadium at Doubleday Field,West Point,NY,Army,Patriot,880,1939,,41.3926455,-73.9599242,West Point,NY,Johnson Stadium at Doubleday Field,city,"West Point, NY, USA"
,Eugene B. Depew Field,Lewisburg,PA,Bucknell,Patriot,500,1999,,40.9645337,-76.8847639,Lewisburg,PA,Eugene B. Depew Field,city,"Lewisburg, PA, USA"
,Hanover Insurance Park at Fitton Field,Worcester,MA,Holy Cross,Patriot,"3,000",1905,,42.2625621,-71.8018877,Worcester,MA,Hanover Insurance Park at Fitton Field,city,"Worcester, MA, USA"
,Kamine Stadium,Forks Township,PA,Lafayette,Patriot,500,1960s,,40.7373569,-75.2386772,Forks Township,PA,Kamine Stadium,stadium,"Kamine Stadium, Forks Township, PA, USA"
,J. David Walker Field at Legacy Park,Bethlehem,PA,Lehigh,Patriot,370,2015,,40.6178915,-75.3786521,Bethlehem,PA,J. David Walker Field at Legacy Park,city,"Bethlehem, PA, USA"
,Terwilliger Brothers Field at Max Bishop Stadium,Annapolis,MD,Navy,Patriot,"1,500",1962,,38.9786401,-76.492786,Annapolis,MD,Terwilliger Brothers Field at Max Bishop Stadium,city,"Annapolis, MD, USA"
,Sewell–Thomas Stadium,Tuscaloosa,AL,Alabama,Southeastern,"5,867","1948, closed 2015, rebuilt 2016",,33.204971,-87.5385738,Tuscaloosa,AL,Sewell–Thomas Stadium,stadium,"Sewell–Thomas Stadium, Tuscaloosa, AL, USA"
,Baum–Walker Stadium,Fayetteville,AR,Arkansas,Southeastern,"10,737",1996,,36.050156,-94.1831402,Fayetteville,AR,Baum–Walker Stadium,stadium,"Baum–Walker Stadium, Fayetteville, AR, USA"
,Samford Stadium – Hitchcock Field at Plainsman Park,Auburn,AL,Auburn,Southeastern,"4,403","1950, rebuilt 1996",,32.6098566,-85.4807825,Auburn,AL,Samford Stadium – Hitchcock Field at Plainsman Park,city,"Auburn, AL, USA"
,Condron Ballpark,Gainesville,FL,Florida,Southeastern,"7,000",2021,[39],29.6366398,-82.3641623,Gainesville,FL,Condron Ballpark,stadium,"Condron Ballpark, Gainesville, FL, USA"
,Foley Field,Athens,GA,Georgia,Southeastern,"3,291","1966, renovated 2015",,33.9409565,-83.380386,Athens,GA,Foley Field,stadium,"Foley Field, Athens, GA, USA"
,Kentucky Proud Park,Lexington,KY,Kentucky,Southeastern,"5,000",2018,[40],38.0182829,-84.5024638,Lexington,KY,Kentucky Proud Park,stadium,"Kentucky Proud Park, Lexington, KY, USA"
,"Alex Box Stadium, Skip Bertman Field",Baton Rouge,LA,LSU,Southeastern,"10,718",2009,[41],30.4494155,-91.1869659,Baton Rouge,LA,"Alex Box Stadium, Skip Bertman Field",city,"Baton Rouge, LA, USA"
,Swayze Field,University,MS,Ole Miss,Southeastern,"11,477","1948, rebuilt 1989, renovated 2010, renovated 2018",,34.3653692,-89.5350279,University,MS,Swayze Field,city,"University, MS, USA"
,"Dudy Noble Field, Polk–DeMent Stadium",Mississippi State,MS,Mississippi State,Southeastern,"15,000","1967, rebuilt 1987, renovated 2001, rebuilt 2019",,33.4386876,-88.7943232,Mississippi State,MS,"Dudy Noble Field, Polk–DeMent Stadium",city,"Mississippi State, MS, USA"
,Taylor Stadium,Columbia,MO,Missouri,Southeastern,"3,031",2002,,38.9354971,-92.3388812,Columbia,MO,Taylor Stadium,stadium,"Taylor Stadium, Columbia, MO, USA"
,L. Dale Mitchell Baseball Park,Norman,OK,Oklahoma,Southeastern,"3,180",1982,,35.2225717,-97.4394816,Norman,OK,L. Dale Mitchell Baseball Park,city,"Norman, OK, USA"
,Founders Park,Columbia,SC,South Carolina,Southeastern,"6,600",2009,,33.9866662,-81.0427024,Columbia,SC,Founders Park,stadium,"Founders Park, Columbia, SC, USA"
,Lindsey Nelson Stadium,Knoxville,TN,Tennessee,Southeastern,"6,544","1959, rebuilt 1993",,35.9490901,-83.9294748,Knoxville,TN,Lindsey Nelson Stadium,stadium,"Lindsey Nelson Stadium, Knoxville, TN, USA"
,UFCU Disch–Falk Field,Austin,TX,Texas,Southeastern,"7,373",1975,[42],30.2801248,-97.7261524,Austin,TX,UFCU Disch–Falk Field,stadium,"UFCU Disch–Falk Field, Austin, TX, USA"
,Olsen Field at Blue Bell Park,College Station,TX,Texas A&M,Southeastern,"6,100","1978, renovated 2014",,30.6183939,-96.3455991,College Station,TX,Olsen Field at Blue Bell Park,city,"College Station, TX, USA"
,Hawkins Field,Nashville,TN,Vanderbilt,Southeastern,"3,626",2002,,36.1433436,-86.807492,Nashville,TN,Hawkins Field,stadium,"Hawkins Field, Nashville, TN, USA"
,Joseph P. Riley Jr. Park,Charleston,SC,The Citadel,Southern,"6,000",1997,,32.7905975,-79.9609225,Charleston,SC,Joseph P. Riley Jr. Park,stadium,"Joseph P. Riley Jr. Park, Charleston, SC, USA"
,Thomas Stadium,Johnson City,TN,East Tennessee State,Southern,"1,000",2012,,36.3104214,-82.3646649,Johnson City,TN,Thomas Stadium,stadium,"Thomas Stadium, Johnson City, TN, USA"
,OrthoGeorgia Park,Macon,GA,Mercer,Southern,"1,500",—N/a,,32.8406946,-83.6324022,Macon,GA,OrthoGeorgia Park,city,"Macon, GA, USA"
,Joe Lee Griffin Stadium,Homewood,AL,Samford,Southern,"1,000",—N/a,,33.4737098,-86.8084509,Homewood,AL,Joe Lee Griffin Stadium,city,"Homewood, AL, USA"
,UNCG Baseball Stadium,Greensboro,NC,UNC Greensboro,Southern,"3,500",1999,,36.0676415,-79.8133362,Greensboro,NC,UNCG Baseball Stadium,stadium,"UNCG Baseball Stadium, Greensboro, NC, USA"
,Hennon Stadium,Cullowhee,NC,Western Carolina,Southern,"1,500",1978,,35.3007859,-83.1807361,Cullowhee,NC,Hennon Stadium,stadium,"Hennon Stadium, Cullowhee, NC, USA"
,Gray–Minor Stadium,Lexington,VA,VMI,Southern,"1,400",2007,,37.7925023,-79.4399374,Lexington,VA,Gray–Minor Stadium,stadium,"Gray–Minor Stadium, Lexington, VA, USA"
,Russell C. King Field,Spartanburg,SC,Wofford,Southern,"2,500",2004,,34.9589569,-81.9308416,Spartanburg,SC,Russell C. King Field,stadium,"Russell C. King Field, Spartanburg, SC, USA"
,Husky Field,Houston,TX,Houston Christian,Southland,500,1993,[43],29.6920849,-95.5132999,Houston,TX,Husky Field,stadium,"Husky Field, Houston, TX, USA"
,Daniel Sullivan Field,San Antonio,TX,Incarnate Word,Southland,"1,000",1989,,29.4246002,-98.4951405,San Antonio,TX,Daniel Sullivan Field,city,"San Antonio, TX, USA"
,Vincent–Beck Stadium,Beaumont,TX,Lamar,Southland,"3,500","1969, renovated 2006",[44][45],30.034805,-94.0749741,Beaumont,TX,Vincent–Beck Stadium,stadium,"Vincent–Beck Stadium, Beaumont, TX, USA"
,Joe Miller Ballpark,Lake Charles,LA,McNeese,Southland,"2,000",1965,,30.1732004,-93.2130354,Lake Charles,LA,Joe Miller Ballpark,stadium,"Joe Miller Ballpark, Lake Charles, LA, USA"
,Maestri Field at Privateer Park,New Orleans,LA,New Orleans,Southland,"2,900","1979, renovated 2013",[46],29.9561422,-90.0733934,New Orleans,LA,Maestri Field at Privateer Park,city,"New Orleans, LA, USA"
,Ben Meyer Diamond at Ray E. Didier Field,Thibodaux,LA,Nicholls,Southland,"3,200",1960,,29.7957633,-90.822871,Thibodaux,LA,Ben Meyer Diamond at Ray E. Didier Field,city,"Thibodaux, LA, USA"
,H. Alvin Brown–C. C. Stroud Field,Natchitoches,LA,Northwestern State,Southland,"1,200",1939,,31.7606732,-93.0860209,Natchitoches,LA,H. Alvin Brown–C. C. Stroud Field,city,"Natchitoches, LA, USA"
,Pat Kenelly Diamond at Alumni Field,Hammond,LA,Southeastern Louisiana,Southland,"2,500",1992,,30.5045759,-90.4759399,Hammond,LA,Pat Kenelly Diamond at Alumni Field,city,"Hammond, LA, USA"
,Jaycees Field,Nacogdoches,TX,Stephen F. Austin,Southland,"1,000",2009,,31.5970503,-94.5927451,Nacogdoches,TX,Jaycees Field,city,"Nacogdoches, TX, USA"
,Chapman Field,Corpus Christi,TX,Texas A&M–Corpus Christi,Southland,750,"2002, renovated 2012",[47],27.70989,-97.3246143,Corpus Christi,TX,Chapman Field,stadium,"Chapman Field, Corpus Christi, TX, USA"
,UTRGV Baseball Stadium,Edinburg,TX,UTRGV,Southland,"4,000",2001,,26.3013982,-98.1624501,Edinburg,TX,UTRGV Baseball Stadium,city,"Edinburg, TX, USA"
,Bulldog Field,Normal[u],AL,Alabama A&M,SWAC,500,1997,,33.462719,-86.7986008,Normal,AL,Bulldog Field,stadium,"Bulldog Field, AL, USA"
,Wheeler–Watkins Baseball Complex,Montgomery,AL,Alabama State,SWAC,500,2011,,32.360898,-86.2877731,Montgomery,AL,Wheeler–Watkins Baseball Complex,stadium,"Wheeler–Watkins Baseball Complex, Montgomery, AL, USA"
,Foster Baseball Field at McGowan Stadium,Lorman[v],MS,Alcorn State,SWAC,500,2010,,31.8204396,-91.0501057,Lorman,MS,Foster Baseball Field at McGowan Stadium,city,"Lorman, MS, USA"
,Torii Hunter Baseball Complex,Pine Bluff,AR,Arkansas–Pine Bluff,SWAC,"1,000",2009-11,,34.2548145,-92.016963,Pine Bluff,AR,Torii Hunter Baseball Complex,stadium,"Torii Hunter Baseball Complex, Pine Bluff, AR, USA"
,Jackie Robinson Ballpark,Daytona,FL,Bethune–Cookman,SWAC,"4,200",1914,,29.209921,-81.016192,Daytona,FL,Jackie Robinson Ballpark,stadium,"Jackie Robinson Ballpark, Daytona, FL, USA"
,Moore–Kittles Field,Tallahassee,FL,Florida A&M,SWAC,500,1983,,30.4380832,-84.2809332,Tallahassee,FL,Moore–Kittles Field,city,"Tallahassee, FL, USA"
,Wilbert Ellis Field at Ralph Waldo Emerson Jones Park,Grambling,LA,Grambling,SWAC,"1,100",2002,,32.5276503,-92.7140403,Grambling,LA,Wilbert Ellis Field at Ralph Waldo Emerson Jones Park,city,"Grambling, LA, USA"
,Braddy Field,Jackson,MS,Jackson State,SWAC,800,2006,,32.2998686,-90.1830408,Jackson,MS,Braddy Field,city,"Jackson, MS, USA"
,Magnolia Field,Itta Bena[w],MS,Mississippi Valley State,SWAC,120,1950,,33.5103079,-90.3449492,Itta Bena,MS,Magnolia Field,stadium,"Magnolia Field, MS, USA"
,John W. Tankersley Field,Prairie View,TX,Prairie View A&M,SWAC,512,—N/a,[48],30.0903947,-95.9960462,Prairie View,TX,John W. Tankersley Field,stadium,"John W. Tankersley Field, Prairie View, TX, USA"
,Lee–Hines Stadium,Baton Rouge,LA,Southern,SWAC,"1,500",1992,,30.5212066,-91.1835957,Baton Rouge,LA,Lee–Hines Stadium,stadium,"Lee–Hines Stadium, Baton Rouge, LA, USA"
,MacGregor Park,Houston,TX,Texas Southern,SWAC,500,—N/a,,29.7100766,-95.3394214,Houston,TX,MacGregor Park,stadium,"MacGregor Park, Houston, TX, USA"
,Newman Outdoor Field,Fargo,ND,North Dakota State,Summit,"4,513",1996,,46.8983108,-96.804902,Fargo,ND,Newman Outdoor Field,stadium,"Newman Outdoor Field, Fargo, ND, USA"
,Jackson Field,Greeley,CO,Northern Colorado,Summit,"1,500",1928,,40.4078445,-104.6855757,Greeley,CO,Jackson Field,stadium,"Jackson Field, Greeley, CO, USA"
,Tal Anderson Field,Omaha,NE,Omaha,Summit,"1,500",2021,[49],41.2587459,-95.9383758,Omaha,NE,Tal Anderson Field,city,"Omaha, NE, USA"
,J. L. Johnson Stadium,Tulsa,OK,Oral Roberts,Summit,"2,418",1977,,36.0497922,-95.948943,Tulsa,OK,J. L. Johnson Stadium,stadium,"J. L. Johnson Stadium, Tulsa, OK, USA"
,Koch Diamond,St. Paul,MN,St. Thomas,Summit,250[50],2006,,44.9497487,-93.0931028,St. Paul,MN,Koch Diamond,city,"St. Paul, MN, USA"
,Erv Huether Field,Brookings,SD,South Dakota State,Summit,600,2008,,44.3225596,-96.777141,Brookings,SD,Erv Huether Field,stadium,"Erv Huether Field, Brookings, SD, USA"
,Beaver Field at Jim and Bettie Smith Stadium,Boone,NC,Appalachian State,Sun Belt,"1,000",2007,[51],36.2187873,-81.684004,Boone,NC,Beaver Field at Jim and Bettie Smith Stadium,city,"Boone, NC, USA"
,Tomlinson Stadium–Kell Field,Jonesboro,AR,Arkansas State,Sun Belt,"1,200",1992,[52],35.8348088,-90.7045297,Jonesboro,AR,Tomlinson Stadium–Kell Field,city,"Jonesboro, AR, USA"
,Springs Brooks Stadium,Conway,SC,Coastal Carolina,Sun Belt,"5,500","N/A, rebuilt 2013",,33.8360035,-79.0478143,Conway,SC,Springs Brooks Stadium,city,"Conway, SC, USA"
,J. I. Clements Stadium,Statesboro,GA,Georgia Southern,Sun Belt,"3,000",2005,,32.4490141,-81.7832912,Statesboro,GA,J. I. Clements Stadium,city,"Statesboro, GA, USA"
,Georgia State Baseball Complex,Decatur,GA,Georgia State,Sun Belt,"1,092",1986,,30.8736613,-84.5740953,Decatur,GA,Georgia State Baseball Complex,city,"Decatur, GA, USA"
,Eagle Field at Veterans Memorial Park,Harrisonburg,VA,James Madison,Sun Belt,"1,200",2010,,38.4493315,-78.8688833,Harrisonburg,VA,Eagle Field at Veterans Memorial Park,city,"Harrisonburg, VA, USA"
,M. L. Tigue Moore Field at Russo Park,Lafayette,LA,Louisiana,Sun Belt,"6,015","1978, renovated 2017",,30.2262187,-92.0178202,Lafayette,LA,M. L. Tigue Moore Field at Russo Park,city,"Lafayette, LA, USA"
,Lou St. Amant Field,Monroe,LA,Louisiana–Monroe,Sun Belt,"1,800",1983,,32.5025471,-92.116219,Monroe,LA,Lou St. Amant Field,city,"Monroe, LA, USA"
,Jack Cook Field,Huntington,WV,Marshall,Sun Belt,"3,500[53]",2024[54][55],,38.4285036,-82.420236,Huntington,WV,Jack Cook Field,stadium,"Jack Cook Field, Huntington, WV, USA"
,Bud Metheny Ballpark,Norfolk,VA,Old Dominion,Sun Belt,"2,500",1983,,36.8493695,-76.2899539,Norfolk,VA,Bud Metheny Ballpark,city,"Norfolk, VA, USA"
,Eddie Stanky Field,Mobile,AL,South Alabama,Sun Belt,"4,500",1980,,30.6913462,-88.0437509,Mobile,AL,Eddie Stanky Field,city,"Mobile, AL, USA"
,Pete Taylor Park,Hattiesburg,MS,Southern Miss,Sun Belt,"4,300",1985,,31.3336564,-89.3382063,Hattiesburg,MS,Pete Taylor Park,stadium,"Pete Taylor Park, Hattiesburg, MS, USA"
,Bobcat Ballpark,San Marcos,TX,Texas State,Sun Belt(Pac-12 in 2027),"2,500",2009,,29.8826436,-97.9405828,San Marcos,TX,Bobcat Ballpark,city,"San Marcos, TX, USA"
,Riddle–Pace Field,Troy,AL,Troy,Sun Belt,"2,000",1931,,31.7982876,-85.9530944,Troy,AL,Riddle–Pace Field,stadium,"Riddle–Pace Field, Troy, AL, USA"
,Washington Trust Field and Patterson Baseball Complex,Spokane,WA,Gonzaga,West Coast(Pac-12 in 2027),"2,300",2007,,47.6571934,-117.42351,Spokane,WA,Washington Trust Field and Patterson Baseball Complex,city,"Spokane, WA, USA"
,George C. Page Stadium,Los Angeles,CA,Loyola Marymount,West Coast,"1,200",1983,,34.0536909,-118.242766,Los Angeles,CA,George C. Page Stadium,city,"Los Angeles, CA, USA"
,Klein Family Field,Stockton,CA,Pacific,West Coast,"2,500",2006,,37.9577016,-121.290779,Stockton,CA,Klein Family Field,city,"Stockton, CA, USA"
,Eddy D. Field Stadium,Malibu[x],CA,Pepperdine,West Coast,"2,000",1973,,34.035591,-118.689423,Malibu,CA,Eddy D. Field Stadium,city,"Malibu, CA, USA"
,Joe Etzel Field,Portland,OR,Portland,West Coast,"1,000",1988,,45.5739856,-122.72924,Portland,OR,Joe Etzel Field,stadium,"Joe Etzel Field, Portland, OR, USA"
,Louis Guisto Field,Moraga,CA,Saint Mary's,West Coast,"1,100",2012,,37.8420608,-122.111883,Moraga,CA,Louis Guisto Field,stadium,"Louis Guisto Field, Moraga, CA, USA"
,Fowler Park and Cunningham Field,San Diego,CA,San Diego,West Coast,"1,700",2013,,32.7174202,-117.162772,San Diego,CA,Fowler Park and Cunningham Field,city,"San Diego, CA, USA"
,Dante Benedetti Diamond at Max Ulrich Field,San Francisco,CA,San Francisco,West Coast,"2,000",1953,,37.7879363,-122.4075201,San Francisco,CA,Dante Benedetti Diamond at Max Ulrich Field,city,"San Francisco, CA, USA"
,Stephen Schott Stadium,Santa Clara,CA,Santa Clara,West Coast,"1,500",2005,,37.3485285,-121.9313661,Santa Clara,CA,Stephen Schott Stadium,stadium,"Stephen Schott Stadium, Santa Clara, CA, USA"
,Bannerwood Park,Bellevue,WA,Seattle,West Coast,300+,—N/a,,47.59593,-122.1628603,Bellevue,WA,Bannerwood Park,stadium,"Bannerwood Park, Bellevue, WA, USA"
,Crutcher Scott Field,Abilene,TX,Abilene Christian,Western Athletic[c],"4,000",1991,[56],32.4729337,-99.7069172,Abilene,TX,Crutcher Scott Field,stadium,"Crutcher Scott Field, Abilene, TX, USA"
,James W. Totman Stadium,Riverside,CA,California Baptist,Western Athletic(Big West in 2027),800,2007[57],,33.9824949,-117.374238,Riverside,CA,James W. Totman Stadium,city,"Riverside, CA, USA"
,John Smith Field,Sacramento,CA,Sacramento State,Western Athletic(Big West in 2027),"1,200",1953,,38.5810606,-121.493895,Sacramento,CA,John Smith Field,city,"Sacramento, CA, USA"
,Cecil Ballow Baseball Complex,Stephenville,TX,Tarleton,Western Athletic[c],750[58],1988,,32.2201387,-98.2045388,Stephenville,TX,Cecil Ballow Baseball Complex,city,"Stephenville, TX, USA"
,Bruce Hurst Field,St. George,UT,Utah Tech[60],Western Athletic(MW in 2027),"2,500[61]",1994,,37.0986322,-113.5651776,St. George,UT,Bruce Hurst Field,stadium,"Bruce Hurst Field, St. George, UT, USA"
,UCCU Ballpark,Orem,UT,Utah Valley,Western Athletic(Big West in 2027),"5,000",2005,,40.2767316,-111.7171294,Orem,UT,UCCU Ballpark,stadium,"UCCU Ballpark, Orem, UT, USA"
,Clay Gould Ballpark,Arlington,TX,UT Arlington,Western Athletic[c],"1,600",1974,,32.7220377,-97.1309631,Arlington,TX,Clay Gould Ballpark,stadium,"Clay Gould Ballpark, Arlington, TX, USA"
